ENTIDAD, YEAR, MES, TOTAL, FUENTE
1,2015,1,577,RENAPO 
1,2015,2,482,RENAPO 
1,2015,3,519,RENAPO 
1,2015,4,496,RENAPO 
1,2015,5,422,RENAPO 
1,2015,6,440,RENAPO 
1,2015,7,444,RENAPO 
1,2015,8,402,RENAPO 
1,2015,9,418,RENAPO 
1,2015,10,498,RENAPO 
1,2015,11,461,RENAPO 
1,2015,12,462,RENAPO 
1,2016,1,581,RENAPO 
1,2016,2,585,RENAPO 
1,2016,3,642,RENAPO 
1,2016,4,451,RENAPO 
1,2016,5,529,RENAPO 
1,2016,6,445,RENAPO 
1,2016,7,422,RENAPO 
1,2016,8,425,RENAPO 
1,2016,9,471,RENAPO 
1,2016,10,424,RENAPO 
1,2016,11,457,RENAPO 
1,2016,12,500,RENAPO 
1,2017,1,573,RENAPO 
1,2017,2,524,RENAPO 
1,2017,3,596,RENAPO 
1,2017,4,391,RENAPO 
1,2017,5,608,RENAPO 
1,2017,6,521,RENAPO 
1,2017,7,478,RENAPO 
1,2017,8,524,RENAPO 
1,2017,9,471,RENAPO 
1,2017,10,500,RENAPO 
1,2017,11,475,RENAPO 
1,2017,12,491,RENAPO 
1,2018,1,743,RENAPO 
1,2018,2,560,RENAPO 
1,2018,3,420,RENAPO 
1,2018,4,463,RENAPO 
1,2018,5,590,RENAPO 
1,2018,6,455,RENAPO 
1,2018,7,479,RENAPO 
1,2018,8,558,RENAPO 
1,2018,9,450,RENAPO 
1,2018,10,524,RENAPO 
1,2018,11,494,RENAPO 
1,2018,12,477,RENAPO 
1,2019,1,800,RENAPO 
1,2019,2,623,RENAPO 
1,2019,3,597,RENAPO 
1,2019,4,526,RENAPO 
1,2019,5,629,RENAPO 
1,2019,6,511,RENAPO 
1,2019,7,509,RENAPO 
1,2019,8,504,RENAPO 
1,2019,9,501,RENAPO 
1,2019,10,534,RENAPO 
1,2019,11,512,RENAPO 
1,2019,12,513,RENAPO 
1,2020,1,838,RENAPO 
1,2020,2,549,RENAPO 
1,2020,3,554,RENAPO 
1,2020,4,384,RENAPO 
1,2020,5,486,RENAPO 
1,2020,6,594,RENAPO 
1,2020,7,720,RENAPO 
1,2020,8,784,RENAPO 
1,2020,9,919,RENAPO 
2,2015,1,1569,RENAPO 
2,2015,2,1346,RENAPO 
2,2015,3,1347,RENAPO 
2,2015,4,1299,RENAPO 
2,2015,5,1317,RENAPO 
2,2015,6,1297,RENAPO 
2,2015,7,1249,RENAPO 
2,2015,8,1310,RENAPO 
2,2015,9,1333,RENAPO 
2,2015,10,1361,RENAPO 
2,2015,11,1452,RENAPO 
2,2015,12,1512,RENAPO 
2,2016,1,1719,RENAPO 
2,2016,2,1661,RENAPO 
2,2016,3,1546,RENAPO 
2,2016,4,1356,RENAPO 
2,2016,5,1356,RENAPO 
2,2016,6,1358,RENAPO 
2,2016,7,1322,RENAPO 
2,2016,8,1440,RENAPO 
2,2016,9,1358,RENAPO 
2,2016,10,1312,RENAPO 
2,2016,11,1382,RENAPO 
2,2016,12,1462,RENAPO 
2,2017,1,1339,RENAPO 
2,2017,2,1535,RENAPO 
2,2017,3,1788,RENAPO 
2,2017,4,1500,RENAPO 
2,2017,5,1475,RENAPO 
2,2017,6,1499,RENAPO 
2,2017,7,1401,RENAPO 
2,2017,8,1524,RENAPO 
2,2017,9,1487,RENAPO 
2,2017,10,1512,RENAPO 
2,2017,11,1492,RENAPO 
2,2017,12,1205,RENAPO 
2,2018,1,1917,RENAPO 
2,2018,2,1360,RENAPO 
2,2018,3,1364,RENAPO 
2,2018,4,1628,RENAPO 
2,2018,5,1758,RENAPO 
2,2018,6,1607,RENAPO 
2,2018,7,1711,RENAPO 
2,2018,8,1739,RENAPO 
2,2018,9,1513,RENAPO 
2,2018,10,1766,RENAPO 
2,2018,11,1741,RENAPO 
2,2018,12,1953,RENAPO 
2,2019,1,2299,RENAPO 
2,2019,2,1817,RENAPO 
2,2019,3,1938,RENAPO 
2,2019,4,1810,RENAPO 
2,2019,5,1728,RENAPO 
2,2019,6,1651,RENAPO 
2,2019,7,1853,RENAPO 
2,2019,8,1734,RENAPO 
2,2019,9,1602,RENAPO 
2,2019,10,1796,RENAPO 
2,2019,11,1634,RENAPO 
2,2019,12,1602,RENAPO 
2,2020,1,2365,RENAPO 
2,2020,2,1889,RENAPO 
2,2020,3,1939,RENAPO 
2,2020,4,2846,RENAPO 
2,2020,5,3900,RENAPO 
2,2020,6,3445,RENAPO 
2,2020,7,2961,RENAPO 
2,2020,8,2646,RENAPO 
2,2020,9,2520,RENAPO 
3,2018,1,365,RENAPO 
3,2018,2,294,RENAPO 
3,2018,3,301,RENAPO 
3,2018,4,294,RENAPO 
3,2018,5,281,RENAPO 
3,2018,6,291,RENAPO 
3,2018,7,274,RENAPO 
3,2018,8,271,RENAPO 
3,2018,9,269,RENAPO 
3,2018,10,306,RENAPO 
3,2018,11,288,RENAPO 
3,2018,12,315,RENAPO 
3,2019,1,367,RENAPO 
3,2019,2,293,RENAPO 
3,2019,3,324,RENAPO 
3,2019,4,283,RENAPO 
3,2019,5,291,RENAPO 
3,2019,6,307,RENAPO 
3,2019,7,273,RENAPO 
3,2019,8,294,RENAPO 
3,2019,9,305,RENAPO 
3,2019,10,286,RENAPO 
3,2019,11,308,RENAPO 
3,2019,12,332,RENAPO 
3,2020,1,365,RENAPO 
3,2020,2,351,RENAPO 
3,2020,3,341,RENAPO 
3,2020,4,304,RENAPO 
3,2020,5,304,RENAPO 
3,2020,6,332,RENAPO 
3,2020,7,538,RENAPO 
3,2020,8,633,RENAPO 
3,2020,9,471,RENAPO 
4,2015,1,366,RENAPO 
4,2015,2,348,RENAPO 
4,2015,3,343,RENAPO 
4,2015,4,340,RENAPO 
4,2015,5,327,RENAPO 
4,2015,6,295,RENAPO 
4,2015,7,331,RENAPO 
4,2015,8,359,RENAPO 
4,2015,9,336,RENAPO 
4,2015,10,386,RENAPO 
4,2015,11,302,RENAPO 
4,2015,12,340,RENAPO 
4,2016,1,434,RENAPO 
4,2016,2,349,RENAPO 
4,2016,3,382,RENAPO 
4,2016,4,368,RENAPO 
4,2016,5,429,RENAPO 
4,2016,6,352,RENAPO 
4,2016,7,396,RENAPO 
4,2016,8,553,RENAPO 
4,2016,9,535,RENAPO 
4,2016,10,546,RENAPO 
4,2016,11,416,RENAPO 
4,2016,12,348,RENAPO 
4,2017,1,371,RENAPO 
4,2017,2,320,RENAPO 
4,2017,3,375,RENAPO 
4,2017,4,343,RENAPO 
4,2017,5,386,RENAPO 
4,2017,6,344,RENAPO 
4,2017,7,393,RENAPO 
4,2017,8,359,RENAPO 
4,2017,9,356,RENAPO 
4,2017,10,372,RENAPO 
4,2017,11,325,RENAPO 
4,2017,12,383,RENAPO 
4,2018,1,447,RENAPO 
4,2018,2,381,RENAPO 
4,2018,3,363,RENAPO 
4,2018,4,357,RENAPO 
4,2018,5,359,RENAPO 
4,2018,6,345,RENAPO 
4,2018,7,400,RENAPO 
4,2018,8,389,RENAPO 
4,2018,9,332,RENAPO 
4,2018,10,397,RENAPO 
4,2018,11,389,RENAPO 
4,2018,12,383,RENAPO 
4,2019,1,402,RENAPO 
4,2019,2,371,RENAPO 
4,2019,3,345,RENAPO 
4,2019,4,357,RENAPO 
4,2019,5,450,RENAPO 
4,2019,6,377,RENAPO 
4,2019,7,408,RENAPO 
4,2019,8,401,RENAPO 
4,2019,9,389,RENAPO 
4,2019,10,426,RENAPO 
4,2019,11,422,RENAPO 
4,2019,12,403,RENAPO 
4,2020,1,445,RENAPO 
4,2020,2,437,RENAPO 
4,2020,3,400,RENAPO 
4,2020,4,336,RENAPO 
4,2020,5,451,RENAPO 
4,2020,6,791,RENAPO 
4,2020,7,1508,RENAPO 
4,2020,8,867,RENAPO 
4,2020,9,519,RENAPO 
5,2015,1,1459,RENAPO 
5,2015,2,1089,RENAPO 
5,2015,3,1158,RENAPO 
5,2015,4,1007,RENAPO 
5,2015,5,909,RENAPO 
5,2015,6,955,RENAPO 
5,2015,7,979,RENAPO 
5,2015,8,927,RENAPO 
5,2015,9,924,RENAPO 
5,2015,10,880,RENAPO 
5,2015,11,922,RENAPO 
5,2015,12,991,RENAPO 
5,2016,1,1263,RENAPO 
5,2016,2,1288,RENAPO 
5,2016,3,1079,RENAPO 
5,2016,4,1028,RENAPO 
5,2016,5,1042,RENAPO 
5,2016,6,953,RENAPO 
5,2016,7,937,RENAPO 
5,2016,8,991,RENAPO 
5,2016,9,944,RENAPO 
5,2016,10,1007,RENAPO 
5,2016,11,996,RENAPO 
5,2016,12,1174,RENAPO 
5,2017,1,1291,RENAPO 
5,2017,2,1152,RENAPO 
5,2017,3,1226,RENAPO 
5,2017,4,917,RENAPO 
5,2017,5,1015,RENAPO 
5,2017,6,969,RENAPO 
5,2017,7,1032,RENAPO 
5,2017,8,1038,RENAPO 
5,2017,9,959,RENAPO 
5,2017,10,1111,RENAPO 
5,2017,11,1297,RENAPO 
5,2017,12,1582,RENAPO 
5,2018,1,2079,RENAPO 
5,2018,2,1412,RENAPO 
5,2018,3,1186,RENAPO 
5,2018,4,1357,RENAPO 
5,2018,5,1274,RENAPO 
5,2018,6,1278,RENAPO 
5,2018,7,1301,RENAPO 
5,2018,8,1280,RENAPO 
5,2018,9,1094,RENAPO 
5,2018,10,1372,RENAPO 
5,2018,11,1424,RENAPO 
5,2018,12,1454,RENAPO 
5,2019,1,2000,RENAPO 
5,2019,2,1609,RENAPO 
5,2019,3,1369,RENAPO 
5,2019,4,1352,RENAPO 
5,2019,5,1253,RENAPO 
5,2019,6,1225,RENAPO 
5,2019,7,1432,RENAPO 
5,2019,8,1350,RENAPO 
5,2019,9,1220,RENAPO 
5,2019,10,1357,RENAPO 
5,2019,11,1375,RENAPO 
5,2019,12,1530,RENAPO 
5,2020,1,1932,RENAPO 
5,2020,2,1585,RENAPO 
5,2020,3,1465,RENAPO 
5,2020,4,1271,RENAPO 
5,2020,5,1344,RENAPO 
5,2020,6,1535,RENAPO 
5,2020,7,2602,RENAPO 
5,2020,8,2717,RENAPO 
5,2020,9,2139,RENAPO 
6,2015,1,397.0,Registro Civil 
6,2015,2,315.0,Registro Civil 
6,2015,3,318.0,Registro Civil 
6,2015,4,324.0,Registro Civil 
6,2015,5,327.0,Registro Civil 
6,2015,6,356.0,Registro Civil 
6,2015,7,480.0,Registro Civil 
6,2015,8,479.0,Registro Civil 
6,2015,9,407.0,Registro Civil 
6,2015,10,420.0,Registro Civil 
6,2015,11,349.0,Registro Civil 
6,2015,12,386.0,Registro Civil 
6,2016,1,385.0,Registro Civil 
6,2016,2,365.0,Registro Civil 
6,2016,3,420.0,Registro Civil 
6,2016,4,341.0,Registro Civil 
6,2016,5,376.0,Registro Civil 
6,2016,6,398.0,Registro Civil 
6,2016,7,406.0,Registro Civil 
6,2016,8,408.0,Registro Civil 
6,2016,9,378.0,Registro Civil 
6,2016,10,433.0,Registro Civil 
6,2016,11,402.0,Registro Civil 
6,2016,12,382.0,Registro Civil 
6,2017,1,432.0,Registro Civil 
6,2017,2,387.0,Registro Civil 
6,2017,3,439.0,Registro Civil 
6,2017,4,398.0,Registro Civil 
6,2017,5,425.0,Registro Civil 
6,2017,6,399.0,Registro Civil 
6,2017,7,422.0,Registro Civil 
6,2017,8,414.0,Registro Civil 
6,2017,9,404.0,Registro Civil 
6,2017,10,435.0,Registro Civil 
6,2017,11,387.0,Registro Civil 
6,2017,12,420.0,Registro Civil 
6,2018,1,417.0,Registro Civil 
6,2018,2,384.0,Registro Civil 
6,2018,3,408.0,Registro Civil 
6,2018,4,388.0,Registro Civil 
6,2018,5,410.0,Registro Civil 
6,2018,6,423.0,Registro Civil 
6,2018,7,398.0,Registro Civil 
6,2018,8,393.0,Registro Civil 
6,2018,9,374.0,Registro Civil 
6,2018,10,451.0,Registro Civil 
6,2018,11,434.0,Registro Civil 
6,2018,12,420.0,Registro Civil 
6,2019,1,452.0,Registro Civil 
6,2019,2,424.0,Registro Civil 
6,2019,3,402.0,Registro Civil 
6,2019,4,434.0,Registro Civil 
6,2019,5,429.0,Registro Civil 
6,2019,6,436.0,Registro Civil 
6,2019,7,442.0,Registro Civil 
6,2019,8,453.0,Registro Civil 
6,2019,9,425.0,Registro Civil 
6,2019,10,447.0,Registro Civil 
6,2019,11,448.0,Registro Civil 
6,2019,12,509.0,Registro Civil 
6,2020,1,447.0,Registro Civil 
6,2020,2,462.0,Registro Civil 
6,2020,3,414.0,Registro Civil 
6,2020,4,399.0,Registro Civil 
6,2020,5,457.0,Registro Civil 
6,2020,6,521.0,Registro Civil 
6,2020,7,654.0,Registro Civil 
6,2020,8,728.0,Registro Civil 
6,2020,9,708.0,Registro Civil 
7,2017,1,2278.0,Registro Civil 
7,2017,2,2019.0,Registro Civil 
7,2017,3,2090.0,Registro Civil 
7,2017,4,2019.0,Registro Civil 
7,2017,5,2144.0,Registro Civil 
7,2017,6,2240.0,Registro Civil 
7,2017,7,2237.0,Registro Civil 
7,2017,8,2156.0,Registro Civil 
7,2017,9,1975.0,Registro Civil 
7,2017,10,2155.0,Registro Civil 
7,2017,11,2054.0,Registro Civil 
7,2017,12,2214.0,Registro Civil 
7,2018,1,1993.0,Registro Civil 
7,2018,2,1659.0,Registro Civil 
7,2018,3,1714.0,Registro Civil 
7,2018,4,1529.0,Registro Civil 
7,2018,5,1588.0,Registro Civil 
7,2018,6,1759.0,Registro Civil 
7,2018,7,1495.0,Registro Civil 
7,2018,8,1509.0,Registro Civil 
7,2018,9,1547.0,Registro Civil 
7,2018,10,1648.0,Registro Civil 
7,2018,11,1578.0,Registro Civil 
7,2018,12,1718.0,Registro Civil 
7,2019,1,2569.0,Registro Civil 
7,2019,2,2068.0,Registro Civil 
7,2019,3,2126.0,Registro Civil 
7,2019,4,2089.0,Registro Civil 
7,2019,5,2328.0,Registro Civil 
7,2019,6,2087.0,Registro Civil 
7,2019,7,2302.0,Registro Civil 
7,2019,8,2188.0,Registro Civil 
7,2019,9,2096.0,Registro Civil 
7,2019,10,2382.0,Registro Civil 
7,2019,11,2424.0,Registro Civil 
7,2019,12,2289.0,Registro Civil 
7,2020,1,2535.0,Registro Civil 
7,2020,2,2086.0,Registro Civil 
7,2020,3,2140.0,Registro Civil 
7,2020,4,2191.0,Registro Civil 
7,2020,5,3269.0,Registro Civil 
7,2020,6,7207.0,Registro Civil 
7,2020,7,3500.0,Registro Civil 
7,2020,8,2269.0,estimacion 
7,2020,9,2300.0,Registro Civil 
8,2015,1,2435.0,Registro Civil 
8,2015,2,2001.0,Registro Civil 
8,2015,3,1999.0,Registro Civil 
8,2015,4,1786.0,Registro Civil 
8,2015,5,1848.0,Registro Civil 
8,2015,6,1727.0,Registro Civil 
8,2015,7,1700.0,Registro Civil 
8,2015,8,1726.0,Registro Civil 
8,2015,9,1713.0,Registro Civil 
8,2015,10,1731.0,Registro Civil 
8,2015,11,1730.0,Registro Civil 
8,2015,12,2014.0,Registro Civil 
8,2016,1,2337.0,Registro Civil 
8,2016,2,2152.0,Registro Civil 
8,2016,3,2228.0,Registro Civil 
8,2016,4,1935.0,Registro Civil 
8,2016,5,1868.0,Registro Civil 
8,2016,6,1877.0,Registro Civil 
8,2016,7,1762.0,Registro Civil 
8,2016,8,1941.0,Registro Civil 
8,2016,9,1751.0,Registro Civil 
8,2016,10,1914.0,Registro Civil 
8,2016,11,1846.0,Registro Civil 
8,2016,12,2003.0,Registro Civil 
8,2017,1,2434.0,Registro Civil 
8,2017,2,2279.0,Registro Civil 
8,2017,3,2273.0,Registro Civil 
8,2017,4,1831.0,Registro Civil 
8,2017,5,1931.0,Registro Civil 
8,2017,6,1988.0,Registro Civil 
8,2017,7,1833.0,Registro Civil 
8,2017,8,1965.0,Registro Civil 
8,2017,9,1816.0,Registro Civil 
8,2017,10,1902.0,Registro Civil 
8,2017,11,2011.0,Registro Civil 
8,2017,12,2147.0,Registro Civil 
8,2018,1,2503.0,Registro Civil 
8,2018,2,2286.0,Registro Civil 
8,2018,3,2251.0,Registro Civil 
8,2018,4,1996.0,Registro Civil 
8,2018,5,2040.0,Registro Civil 
8,2018,6,2143.0,Registro Civil 
8,2018,7,1824.0,Registro Civil 
8,2018,8,2042.0,Registro Civil 
8,2018,9,1808.0,Registro Civil 
8,2018,10,2111.0,Registro Civil 
8,2018,11,2045.0,Registro Civil 
8,2018,12,2292.0,Registro Civil 
8,2019,1,3107.0,Registro Civil 
8,2019,2,2331.0,Registro Civil 
8,2019,3,2305.0,Registro Civil 
8,2019,4,2070.0,Registro Civil 
8,2019,5,2021.0,Registro Civil 
8,2019,6,1866.0,Registro Civil 
8,2019,7,1990.0,Registro Civil 
8,2019,8,2058.0,Registro Civil 
8,2019,9,1930.0,Registro Civil 
8,2019,10,2157.0,Registro Civil 
8,2019,11,2273.0,Registro Civil 
8,2019,12,2101.0,Registro Civil 
8,2020,1,2930.0,Registro Civil 
8,2020,2,2270.0,Registro Civil 
8,2020,3,2290.0,Registro Civil 
8,2020,4,2736.0,Registro Civil 
8,2020,5,3364.0,Registro Civil 
8,2020,6,2927.0,Registro Civil 
8,2020,7,2717.0,Registro Civil 
8,2020,8,2725.0,Registro Civil 
8,2020,9,2536.0,Registro Civil 
9,2016,1,6989,RENAPO 
9,2016,2,7171,RENAPO 
9,2016,3,6693,RENAPO 
9,2016,4,5819,RENAPO 
9,2016,5,5748,RENAPO 
9,2016,6,5610,RENAPO 
9,2016,7,5759,RENAPO 
9,2016,8,5608,RENAPO 
9,2016,9,5434,RENAPO 
9,2016,10,5897,RENAPO 
9,2016,11,6071,RENAPO 
9,2016,12,6611,RENAPO 
9,2017,1,6742,RENAPO 
9,2017,2,6427,RENAPO 
9,2017,3,7067,RENAPO 
9,2017,4,6168,RENAPO 
9,2017,5,6089,RENAPO 
9,2017,6,5705,RENAPO 
9,2017,7,5882,RENAPO 
9,2017,8,5853,RENAPO 
9,2017,9,6248,RENAPO 
9,2017,10,6028,RENAPO 
9,2017,11,6001,RENAPO 
9,2017,12,7106,RENAPO 
9,2018,1,7870,RENAPO 
9,2018,2,6715,RENAPO 
9,2018,3,6281,RENAPO 
9,2018,4,5828,RENAPO 
9,2018,5,6065,RENAPO 
9,2018,6,5864,RENAPO 
9,2018,7,5876,RENAPO 
9,2018,8,5887,RENAPO 
9,2018,9,5846,RENAPO 
9,2018,10,6189,RENAPO 
9,2018,11,6371,RENAPO 
9,2018,12,7100,RENAPO 
9,2019,1,7913,RENAPO 
9,2019,2,5894,RENAPO 
9,2019,3,6551,RENAPO 
9,2019,4,6110,RENAPO 
9,2019,5,6279,RENAPO 
9,2019,6,5650,RENAPO 
9,2019,7,5817,RENAPO 
9,2019,8,6016,RENAPO 
9,2019,9,5888,RENAPO 
9,2019,10,6119,RENAPO 
9,2019,11,6251,RENAPO 
9,2019,12,7288,RENAPO 
9,2020,1,7857,RENAPO 
9,2020,2,6364,RENAPO 
9,2020,3,6358,RENAPO 
9,2020,4,8447,RENAPO 
9,2020,5,17751,RENAPO 
9,2020,6,13823,RENAPO 
9,2020,7,10405,RENAPO 
9,2020,8,10261,RENAPO 
9,2020,9,9548,RENAPO 
10,2015,1,705,RENAPO 
10,2015,2,559,RENAPO 
10,2015,3,588,RENAPO 
10,2015,4,531,RENAPO 
10,2015,5,487,RENAPO 
10,2015,6,517,RENAPO 
10,2015,7,421,RENAPO 
10,2015,8,496,RENAPO 
10,2015,9,466,RENAPO 
10,2015,10,534,RENAPO 
10,2015,11,565,RENAPO 
10,2015,12,599,RENAPO 
10,2016,1,883,RENAPO 
10,2016,2,950,RENAPO 
10,2016,3,778,RENAPO 
10,2016,4,724,RENAPO 
10,2016,5,694,RENAPO 
10,2016,6,637,RENAPO 
10,2016,7,521,RENAPO 
10,2016,8,700,RENAPO 
10,2016,9,637,RENAPO 
10,2016,10,663,RENAPO 
10,2016,11,628,RENAPO 
10,2016,12,677,RENAPO 
10,2017,1,802,RENAPO 
10,2017,2,772,RENAPO 
10,2017,3,852,RENAPO 
10,2017,4,667,RENAPO 
10,2017,5,758,RENAPO 
10,2017,6,693,RENAPO 
10,2017,7,586,RENAPO 
10,2017,8,746,RENAPO 
10,2017,9,609,RENAPO 
10,2017,10,725,RENAPO 
10,2017,11,678,RENAPO 
10,2017,12,698,RENAPO 
10,2018,1,996,RENAPO 
10,2018,2,870,RENAPO 
10,2018,3,682,RENAPO 
10,2018,4,815,RENAPO 
10,2018,5,753,RENAPO 
10,2018,6,693,RENAPO 
10,2018,7,696,RENAPO 
10,2018,8,831,RENAPO 
10,2018,9,604,RENAPO 
10,2018,10,772,RENAPO 
10,2018,11,749,RENAPO 
10,2018,12,734,RENAPO 
10,2019,1,1159,RENAPO 
10,2019,2,841,RENAPO 
10,2019,3,810,RENAPO 
10,2019,4,774,RENAPO 
10,2019,5,734,RENAPO 
10,2019,6,655,RENAPO 
10,2019,7,694,RENAPO 
10,2019,8,746,RENAPO 
10,2019,9,718,RENAPO 
10,2019,10,769,RENAPO 
10,2019,11,695,RENAPO 
10,2019,12,680,RENAPO 
10,2020,1,1047,RENAPO 
10,2020,2,872,RENAPO 
10,2020,3,760,RENAPO 
10,2020,4,591,RENAPO 
10,2020,5,630,RENAPO 
10,2020,6,875,RENAPO 
10,2020,7,1025,RENAPO 
10,2020,8,982,RENAPO 
10,2020,9,982,RENAPO 
11,2015,1,3139,RENAPO 
11,2015,2,2647,RENAPO 
11,2015,3,2750,RENAPO 
11,2015,4,2342,RENAPO 
11,2015,5,2291,RENAPO 
11,2015,6,2279,RENAPO 
11,2015,7,2357,RENAPO 
11,2015,8,2407,RENAPO 
11,2015,9,2292,RENAPO 
11,2015,10,2377,RENAPO 
11,2015,11,2426,RENAPO 
11,2015,12,2812,RENAPO 
11,2016,1,3010,RENAPO 
11,2016,2,3158,RENAPO 
11,2016,3,3129,RENAPO 
11,2016,4,2487,RENAPO 
11,2016,5,2619,RENAPO 
11,2016,6,2352,RENAPO 
11,2016,7,2472,RENAPO 
11,2016,8,2479,RENAPO 
11,2016,9,2341,RENAPO 
11,2016,10,2478,RENAPO 
11,2016,11,2643,RENAPO 
11,2016,12,2839,RENAPO 
11,2017,1,3088,RENAPO 
11,2017,2,2938,RENAPO 
11,2017,3,3006,RENAPO 
11,2017,4,2694,RENAPO 
11,2017,5,3052,RENAPO 
11,2017,6,2618,RENAPO 
11,2017,7,2630,RENAPO 
11,2017,8,2816,RENAPO 
11,2017,9,2801,RENAPO 
11,2017,10,2941,RENAPO 
11,2017,11,2911,RENAPO 
11,2017,12,3435,RENAPO 
11,2018,1,3658,RENAPO 
11,2018,2,3084,RENAPO 
11,2018,3,2946,RENAPO 
11,2018,4,2844,RENAPO 
11,2018,5,2971,RENAPO 
11,2018,6,2671,RENAPO 
11,2018,7,2786,RENAPO 
11,2018,8,2811,RENAPO 
11,2018,9,2721,RENAPO 
11,2018,10,2920,RENAPO 
11,2018,11,3069,RENAPO 
11,2018,12,3639,RENAPO 
11,2019,1,3605,RENAPO 
11,2019,2,3213,RENAPO 
11,2019,3,3132,RENAPO 
11,2019,4,2983,RENAPO 
11,2019,5,3205,RENAPO 
11,2019,6,2796,RENAPO 
11,2019,7,2919,RENAPO 
11,2019,8,2930,RENAPO 
11,2019,9,2953,RENAPO 
11,2019,10,2995,RENAPO 
11,2019,11,3135,RENAPO 
11,2019,12,3525,RENAPO 
11,2020,1,3879,RENAPO 
11,2020,2,3457,RENAPO 
11,2020,3,3340,RENAPO 
11,2020,4,3116,RENAPO 
11,2020,5,3170,RENAPO 
11,2020,6,4026,RENAPO 
11,2020,7,5782,RENAPO 
11,2020,8,4909,RENAPO 
11,2020,9,3908,RENAPO 
12,2015,1,851.0,Registro Civil 
12,2015,2,1191.0,Registro Civil 
12,2015,3,1397.0,Registro Civil 
12,2015,4,1430.0,Registro Civil 
12,2015,5,1448.0,Registro Civil 
12,2015,6,1625.0,Registro Civil 
12,2015,7,1757.0,Registro Civil 
12,2015,8,1705.0,Registro Civil 
12,2015,9,1456.0,Registro Civil 
12,2015,10,1380.0,Registro Civil 
12,2015,11,1534.0,Registro Civil 
12,2015,12,1523.0,Registro Civil 
12,2016,1,1655.0,Registro Civil 
12,2016,2,1693.0,Registro Civil 
12,2016,3,1681.0,Registro Civil 
12,2016,4,1621.0,Registro Civil 
12,2016,5,1309.0,Registro Civil 
12,2016,6,1853.0,Registro Civil 
12,2016,7,1428.0,Registro Civil 
12,2016,8,1860.0,Registro Civil 
12,2016,9,1479.0,Registro Civil 
12,2016,10,1476.0,Registro Civil 
12,2016,11,1381.0,Registro Civil 
12,2016,12,1237.0,Registro Civil 
12,2017,1,1774.0,Registro Civil 
12,2017,2,1526.0,Registro Civil 
12,2017,3,1644.0,Registro Civil 
12,2017,4,1375.0,Registro Civil 
12,2017,5,1734.0,Registro Civil 
12,2017,6,1700.0,Registro Civil 
12,2017,7,1414.0,Registro Civil 
12,2017,8,1662.0,Registro Civil 
12,2017,9,1393.0,Registro Civil 
12,2017,10,1621.0,Registro Civil 
12,2017,11,1532.0,Registro Civil 
12,2017,12,1390.0,Registro Civil 
12,2018,1,1730.0,Registro Civil 
12,2018,2,1546.0,Registro Civil 
12,2018,3,1424.0,Registro Civil 
12,2018,4,1628.0,Registro Civil 
12,2018,5,1532.0,Registro Civil 
12,2018,6,1378.0,Registro Civil 
12,2018,7,1331.0,Registro Civil 
12,2018,8,1569.0,Registro Civil 
12,2018,9,1335.0,Registro Civil 
12,2018,10,1310.0,Registro Civil 
12,2018,11,1623.0,Registro Civil 
12,2018,12,1167.0,Registro Civil 
12,2019,1,1818.0,Registro Civil 
12,2019,2,1517.0,Registro Civil 
12,2019,3,1427.0,Registro Civil 
12,2019,4,1329.0,Registro Civil 
12,2019,5,1520.0,Registro Civil 
12,2019,6,1303.0,Registro Civil 
12,2019,7,1465.0,Registro Civil 
12,2019,8,1503.0,Registro Civil 
12,2019,9,1266.0,Registro Civil 
12,2019,10,1497.0,Registro Civil 
12,2019,11,1431.0,Registro Civil 
12,2019,12,1157.0,Registro Civil 
12,2020,1,1710.0,Registro Civil 
12,2020,2,1541.0,Registro Civil 
12,2020,3,1314.0,Registro Civil 
12,2020,4,806.0,Registro Civil 
12,2020,5,1314.0,Registro Civil 
12,2020,6,2560.0,Registro Civil 
12,2020,7,3281.0,Registro Civil 
12,2020,8,2358.0,Registro Civil 
12,2020,9,2150.0,Registro Civil 
13,2015,1,1644,RENAPO 
13,2015,2,1338,RENAPO 
13,2015,3,1223,RENAPO 
13,2015,4,1152,RENAPO 
13,2015,5,1115,RENAPO 
13,2015,6,1125,RENAPO 
13,2015,7,1146,RENAPO 
13,2015,8,972,RENAPO 
13,2015,9,1064,RENAPO 
13,2015,10,1136,RENAPO 
13,2015,11,1104,RENAPO 
13,2015,12,1078,RENAPO 
13,2016,1,1428,RENAPO 
13,2016,2,1549,RENAPO 
13,2016,3,1352,RENAPO 
13,2016,4,1234,RENAPO 
13,2016,5,1105,RENAPO 
13,2016,6,1050,RENAPO 
13,2016,7,934,RENAPO 
13,2016,8,1152,RENAPO 
13,2016,9,941,RENAPO 
13,2016,10,1184,RENAPO 
13,2016,11,1277,RENAPO 
13,2016,12,1156,RENAPO 
13,2017,1,1481,RENAPO 
13,2017,2,1323,RENAPO 
13,2017,3,1379,RENAPO 
13,2017,4,1207,RENAPO 
13,2017,5,1310,RENAPO 
13,2017,6,1176,RENAPO 
13,2017,7,1129,RENAPO 
13,2017,8,1190,RENAPO 
13,2017,9,1076,RENAPO 
13,2017,10,1250,RENAPO 
13,2017,11,1276,RENAPO 
13,2017,12,1260,RENAPO 
13,2018,1,1827,RENAPO 
13,2018,2,1348,RENAPO 
13,2018,3,1252,RENAPO 
13,2018,4,1260,RENAPO 
13,2018,5,1261,RENAPO 
13,2018,6,1164,RENAPO 
13,2018,7,1224,RENAPO 
13,2018,8,1172,RENAPO 
13,2018,9,1099,RENAPO 
13,2018,10,1174,RENAPO 
13,2018,11,1252,RENAPO 
13,2018,12,1230,RENAPO 
13,2019,1,1787,RENAPO 
13,2019,2,1363,RENAPO 
13,2019,3,1243,RENAPO 
13,2019,4,1330,RENAPO 
13,2019,5,1168,RENAPO 
13,2019,6,1112,RENAPO 
13,2019,7,1283,RENAPO 
13,2019,8,1200,RENAPO 
13,2019,9,1171,RENAPO 
13,2019,10,1251,RENAPO 
13,2019,11,1284,RENAPO 
13,2019,12,1193,RENAPO 
13,2020,1,1987,RENAPO 
13,2020,2,1392,RENAPO 
13,2020,3,1342,RENAPO 
13,2020,4,1100,RENAPO 
13,2020,5,1682,RENAPO 
13,2020,6,1852,RENAPO 
13,2020,7,2145,RENAPO 
13,2020,8,2126,RENAPO 
13,2020,9,1756,RENAPO 
14,2019,1,3996,RENAPO 
14,2019,2,2754,RENAPO 
14,2019,3,3713,RENAPO 
14,2019,4,3472,RENAPO 
14,2019,5,4091,RENAPO 
14,2019,6,3731,RENAPO 
14,2019,7,3783,RENAPO 
14,2019,8,3844,RENAPO 
14,2019,9,3863,RENAPO 
14,2019,10,4128,RENAPO 
14,2019,11,4003,RENAPO 
14,2019,12,4561,RENAPO 
14,2020,1,3857,RENAPO 
14,2020,2,3927,RENAPO 
14,2020,3,3804,RENAPO 
14,2020,4,3379,RENAPO 
14,2020,5,4202,RENAPO 
14,2020,6,5623,RENAPO 
14,2020,7,6281,RENAPO 
14,2020,8,6212,RENAPO 
14,2020,9,5802,RENAPO 
15,2015,1,4983,RENAPO 
15,2015,2,4007,RENAPO 
15,2015,3,4377,RENAPO 
15,2015,4,4166,RENAPO 
15,2015,5,4097,RENAPO 
15,2015,6,4262,RENAPO 
15,2015,7,4519,RENAPO 
15,2015,8,4591,RENAPO 
15,2015,9,4420,RENAPO 
15,2015,10,4942,RENAPO 
15,2015,11,4520,RENAPO 
15,2015,12,5713,RENAPO 
15,2016,1,6117,RENAPO 
15,2016,2,6494,RENAPO 
15,2016,3,6025,RENAPO 
15,2016,4,5259,RENAPO 
15,2016,5,5442,RENAPO 
15,2016,6,5161,RENAPO 
15,2016,7,5220,RENAPO 
15,2016,8,5474,RENAPO 
15,2016,9,5153,RENAPO 
15,2016,10,5579,RENAPO 
15,2016,11,5895,RENAPO 
15,2016,12,6301,RENAPO 
15,2017,1,6465,RENAPO 
15,2017,2,6113,RENAPO 
15,2017,3,6835,RENAPO 
15,2017,4,5957,RENAPO 
15,2017,5,5929,RENAPO 
15,2017,6,5341,RENAPO 
15,2017,7,5794,RENAPO 
15,2017,8,5644,RENAPO 
15,2017,9,5875,RENAPO 
15,2017,10,6041,RENAPO 
15,2017,11,6148,RENAPO 
15,2017,12,7408,RENAPO 
15,2018,1,7839,RENAPO 
15,2018,2,6386,RENAPO 
15,2018,3,6335,RENAPO 
15,2018,4,5968,RENAPO 
15,2018,5,5994,RENAPO 
15,2018,6,5647,RENAPO 
15,2018,7,5875,RENAPO 
15,2018,8,5789,RENAPO 
15,2018,9,5963,RENAPO 
15,2018,10,6289,RENAPO 
15,2018,11,6482,RENAPO 
15,2018,12,7345,RENAPO 
15,2019,1,8061,RENAPO 
15,2019,2,6144,RENAPO 
15,2019,3,6406,RENAPO 
15,2019,4,6549,RENAPO 
15,2019,5,6456,RENAPO 
15,2019,6,5723,RENAPO 
15,2019,7,6444,RENAPO 
15,2019,8,6122,RENAPO 
15,2019,9,6154,RENAPO 
15,2019,10,6454,RENAPO 
15,2019,11,6729,RENAPO 
15,2019,12,7664,RENAPO 
15,2020,1,8305,RENAPO 
15,2020,2,6669,RENAPO 
15,2020,3,6804,RENAPO 
15,2020,4,8600,RENAPO 
15,2020,5,17087,RENAPO 
15,2020,6,15029,RENAPO 
15,2020,7,12091,RENAPO 
15,2020,8,9325,RENAPO 
15,2020,9,8638,RENAPO 
16,2015,1,2379,RENAPO 
16,2015,2,2070,RENAPO 
16,2015,3,2102,RENAPO 
16,2015,4,1893,RENAPO 
16,2015,5,1728,RENAPO 
16,2015,6,1765,RENAPO 
16,2015,7,1748,RENAPO 
16,2015,8,1943,RENAPO 
16,2015,9,1628,RENAPO 
16,2015,10,1745,RENAPO 
16,2015,11,1706,RENAPO 
16,2015,12,1795,RENAPO 
16,2016,1,2297,RENAPO 
16,2016,2,2432,RENAPO 
16,2016,3,2491,RENAPO 
16,2016,4,2317,RENAPO 
16,2016,5,2126,RENAPO 
16,2016,6,2187,RENAPO 
16,2016,7,1848,RENAPO 
16,2016,8,1978,RENAPO 
16,2016,9,1887,RENAPO 
16,2016,10,1938,RENAPO 
16,2016,11,1955,RENAPO 
16,2016,12,1705,RENAPO 
16,2017,1,2359,RENAPO 
16,2017,2,1803,RENAPO 
16,2017,3,2618,RENAPO 
16,2017,4,2099,RENAPO 
16,2017,5,2429,RENAPO 
16,2017,6,2204,RENAPO 
16,2017,7,1826,RENAPO 
16,2017,8,2310,RENAPO 
16,2017,9,2033,RENAPO 
16,2017,10,2211,RENAPO 
16,2017,11,2130,RENAPO 
16,2017,12,1921,RENAPO 
16,2018,1,2522,RENAPO 
16,2018,2,2518,RENAPO 
16,2018,3,2981,RENAPO 
16,2018,4,3079,RENAPO 
16,2018,5,2308,RENAPO 
16,2018,6,2078,RENAPO 
16,2018,7,2025,RENAPO 
16,2018,8,2058,RENAPO 
16,2018,9,1764,RENAPO 
16,2018,10,2096,RENAPO 
16,2018,11,2219,RENAPO 
16,2018,12,1889,RENAPO 
16,2019,1,2644,RENAPO 
16,2019,2,2335,RENAPO 
16,2019,3,2358,RENAPO 
16,2019,4,2302,RENAPO 
16,2019,5,2608,RENAPO 
16,2019,6,2121,RENAPO 
16,2019,7,2308,RENAPO 
16,2019,8,2267,RENAPO 
16,2019,9,2014,RENAPO 
16,2019,10,2614,RENAPO 
16,2019,11,1782,RENAPO 
16,2019,12,2033,RENAPO 
16,2020,1,3224,RENAPO 
16,2020,2,2537,RENAPO 
16,2020,3,2043,RENAPO 
16,2020,4,1339,RENAPO 
16,2020,5,2038,RENAPO 
16,2020,6,2897,RENAPO 
16,2020,7,3331,RENAPO 
16,2020,8,3629,RENAPO 
16,2020,9,3616,RENAPO 
17,2017,1,1067,RENAPO 
17,2017,2,916,RENAPO 
17,2017,3,1070,RENAPO 
17,2017,4,1085,RENAPO 
17,2017,5,1135,RENAPO 
17,2017,6,939,RENAPO 
17,2017,7,962,RENAPO 
17,2017,8,999,RENAPO 
17,2017,9,966,RENAPO 
17,2017,10,1068,RENAPO 
17,2017,11,886,RENAPO 
17,2017,12,1042,RENAPO 
17,2018,1,1163,RENAPO 
17,2018,2,1081,RENAPO 
17,2018,3,971,RENAPO 
17,2018,4,1035,RENAPO 
17,2018,5,1024,RENAPO 
17,2018,6,979,RENAPO 
17,2018,7,1019,RENAPO 
17,2018,8,1001,RENAPO 
17,2018,9,927,RENAPO 
17,2018,10,1021,RENAPO 
17,2018,11,1058,RENAPO 
17,2018,12,1029,RENAPO 
17,2019,1,1185,RENAPO 
17,2019,2,1108,RENAPO 
17,2019,3,1200,RENAPO 
17,2019,4,1137,RENAPO 
17,2019,5,1141,RENAPO 
17,2019,6,1073,RENAPO 
17,2019,7,1120,RENAPO 
17,2019,8,1119,RENAPO 
17,2019,9,1031,RENAPO 
17,2019,10,1163,RENAPO 
17,2019,11,1042,RENAPO 
17,2019,12,1164,RENAPO 
17,2020,1,1286,RENAPO 
17,2020,2,1125,RENAPO 
17,2020,3,1223,RENAPO 
17,2020,4,1411,RENAPO 
17,2020,5,2240,RENAPO 
17,2020,6,1906,RENAPO 
17,2020,7,1713,RENAPO 
17,2020,8,1605,RENAPO 
17,2020,9,1482,RENAPO 
18,2019,1,590.0,Registro Civil 
18,2019,2,515.0,Registro Civil 
18,2019,3,472.0,Registro Civil 
18,2019,4,523.0,Registro Civil 
18,2019,5,515.0,Registro Civil 
18,2019,6,485.0,Registro Civil 
18,2019,7,498.0,Registro Civil 
18,2019,8,511.0,Registro Civil 
18,2019,9,419.0,Registro Civil 
18,2019,10,460.0,Registro Civil 
18,2019,11,516.0,Registro Civil 
18,2019,12,457.0,Registro Civil 
18,2020,1,651.0,Registro Civil 
18,2020,2,525.0,Registro Civil 
18,2020,3,516.0,Registro Civil 
18,2020,4,257.0,Registro Civil 
18,2020,5,386.0,Registro Civil 
18,2020,6,592.0,Registro Civil 
18,2020,7,903.0,Registro Civil 
18,2020,8,766.0,Registro Civil 
18,2020,9,769.0,Registro Civil 
19,2015,1,3082,RENAPO 
19,2015,2,2118,RENAPO 
19,2015,3,2350,RENAPO 
19,2015,4,1998,RENAPO 
19,2015,5,1802,RENAPO 
19,2015,6,1845,RENAPO 
19,2015,7,1987,RENAPO 
19,2015,8,1979,RENAPO 
19,2015,9,1734,RENAPO 
19,2015,10,1906,RENAPO 
19,2015,11,1785,RENAPO 
19,2015,12,1989,RENAPO 
19,2016,1,2668,RENAPO 
19,2016,2,2489,RENAPO 
19,2016,3,2018,RENAPO 
19,2016,4,1919,RENAPO 
19,2016,5,1996,RENAPO 
19,2016,6,1993,RENAPO 
19,2016,7,2161,RENAPO 
19,2016,8,2168,RENAPO 
19,2016,9,1983,RENAPO 
19,2016,10,1928,RENAPO 
19,2016,11,1872,RENAPO 
19,2016,12,2164,RENAPO 
19,2017,1,3019,RENAPO 
19,2017,2,2372,RENAPO 
19,2017,3,2272,RENAPO 
19,2017,4,1797,RENAPO 
19,2017,5,2153,RENAPO 
19,2017,6,2155,RENAPO 
19,2017,7,1853,RENAPO 
19,2017,8,2126,RENAPO 
19,2017,9,1869,RENAPO 
19,2017,10,2011,RENAPO 
19,2017,11,2049,RENAPO 
19,2017,12,1997,RENAPO 
19,2018,1,3513,RENAPO 
19,2018,2,2430,RENAPO 
19,2018,3,2008,RENAPO 
19,2018,4,2343,RENAPO 
19,2018,5,2121,RENAPO 
19,2018,6,2004,RENAPO 
19,2018,7,2165,RENAPO 
19,2018,8,2218,RENAPO 
19,2018,9,1854,RENAPO 
19,2018,10,2348,RENAPO 
19,2018,11,2457,RENAPO 
19,2018,12,2143,RENAPO 
19,2019,1,3522,RENAPO 
19,2019,2,2636,RENAPO 
19,2019,3,2469,RENAPO 
19,2019,4,2233,RENAPO 
19,2019,5,2335,RENAPO 
19,2019,6,2087,RENAPO 
19,2019,7,2058,RENAPO 
19,2019,8,2635,RENAPO 
19,2019,9,2162,RENAPO 
19,2019,10,2475,RENAPO 
19,2019,11,2531,RENAPO 
19,2019,12,2356,RENAPO 
19,2020,1,3588,RENAPO 
19,2020,2,2446,RENAPO 
19,2020,3,2609,RENAPO 
19,2020,4,1998,RENAPO 
19,2020,5,2286,RENAPO 
19,2020,6,2530,RENAPO 
19,2020,7,4420,RENAPO 
19,2020,8,5253,RENAPO 
19,2020,9,4295,RENAPO 
20,2015,1,1803,RENAPO 
20,2015,2,1616,RENAPO 
20,2015,3,1641,RENAPO 
20,2015,4,1659,RENAPO 
20,2015,5,1512,RENAPO 
20,2015,6,1584,RENAPO 
20,2015,7,1649,RENAPO 
20,2015,8,1704,RENAPO 
20,2015,9,1654,RENAPO 
20,2015,10,1581,RENAPO 
20,2015,11,1592,RENAPO 
20,2015,12,1749,RENAPO 
20,2016,1,1636,RENAPO 
20,2016,2,1743,RENAPO 
20,2016,3,1911,RENAPO 
20,2016,4,1791,RENAPO 
20,2016,5,1861,RENAPO 
20,2016,6,1661,RENAPO 
20,2016,7,1694,RENAPO 
20,2016,8,1825,RENAPO 
20,2016,9,1717,RENAPO 
20,2016,10,1695,RENAPO 
20,2016,11,1785,RENAPO 
20,2016,12,1772,RENAPO 
20,2017,1,1828,RENAPO 
20,2017,2,1733,RENAPO 
20,2017,3,1863,RENAPO 
20,2017,4,1616,RENAPO 
20,2017,5,1723,RENAPO 
20,2017,6,1653,RENAPO 
20,2017,7,1675,RENAPO 
20,2017,8,1710,RENAPO 
20,2017,9,1571,RENAPO 
20,2017,10,1800,RENAPO 
20,2017,11,1654,RENAPO 
20,2017,12,1681,RENAPO 
20,2018,1,1965,RENAPO 
20,2018,2,1676,RENAPO 
20,2018,3,1442,RENAPO 
20,2018,4,1641,RENAPO 
20,2018,5,1738,RENAPO 
20,2018,6,1584,RENAPO 
20,2018,7,1557,RENAPO 
20,2018,8,1544,RENAPO 
20,2018,9,1414,RENAPO 
20,2018,10,1455,RENAPO 
20,2018,11,1558,RENAPO 
20,2018,12,1719,RENAPO 
20,2019,1,2199,RENAPO 
20,2019,2,1753,RENAPO 
20,2019,3,1732,RENAPO 
20,2019,4,1758,RENAPO 
20,2019,5,1915,RENAPO 
20,2019,6,1618,RENAPO 
20,2019,7,1948,RENAPO 
20,2019,8,1797,RENAPO 
20,2019,9,1709,RENAPO 
20,2019,10,1848,RENAPO 
20,2019,11,1588,RENAPO 
20,2019,12,1701,RENAPO 
20,2020,1,2140,RENAPO 
20,2020,2,1756,RENAPO 
20,2020,3,1895,RENAPO 
20,2020,4,1672,RENAPO 
20,2020,5,2036,RENAPO 
20,2020,6,2771,RENAPO 
20,2020,7,3191,RENAPO 
20,2020,8,2290,RENAPO 
20,2020,9,1394,RENAPO 
21,2019,1,5366.0,Registro Civil 
21,2019,2,4172.0,Registro Civil 
21,2019,3,4139.0,Registro Civil 
21,2019,4,4433.0,Registro Civil 
21,2019,5,4319.0,Registro Civil 
21,2019,6,3856.0,Registro Civil 
21,2019,7,4275.0,Registro Civil 
21,2019,8,4025.0,Registro Civil 
21,2019,9,4009.0,Registro Civil 
21,2019,10,4324.0,Registro Civil 
21,2019,11,4432.0,Registro Civil 
21,2019,12,4655.0,Registro Civil 
21,2020,1,5265.0,Registro Civil 
21,2020,2,4189.0,Registro Civil 
21,2020,3,4382.0,Registro Civil 
21,2020,4,4502.0,Registro Civil 
21,2020,5,5953.0,Registro Civil 
21,2020,6,8014.0,Registro Civil 
21,2020,7,9714.0,Registro Civil 
21,2020,8,6774.0,Registro Civil 
21,2020,9,2000.0,Registro Civil 
22,2015,1,837,RENAPO 
22,2015,2,738,RENAPO 
22,2015,3,757,RENAPO 
22,2015,4,674,RENAPO 
22,2015,5,668,RENAPO 
22,2015,6,694,RENAPO 
22,2015,7,671,RENAPO 
22,2015,8,695,RENAPO 
22,2015,9,707,RENAPO 
22,2015,10,734,RENAPO 
22,2015,11,724,RENAPO 
22,2015,12,912,RENAPO 
22,2016,1,882,RENAPO 
22,2016,2,900,RENAPO 
22,2016,3,875,RENAPO 
22,2016,4,768,RENAPO 
22,2016,5,769,RENAPO 
22,2016,6,698,RENAPO 
22,2016,7,777,RENAPO 
22,2016,8,779,RENAPO 
22,2016,9,742,RENAPO 
22,2016,10,799,RENAPO 
22,2016,11,799,RENAPO 
22,2016,12,867,RENAPO 
22,2017,1,923,RENAPO 
22,2017,2,905,RENAPO 
22,2017,3,943,RENAPO 
22,2017,4,872,RENAPO 
22,2017,5,865,RENAPO 
22,2017,6,789,RENAPO 
22,2017,7,826,RENAPO 
22,2017,8,793,RENAPO 
22,2017,9,800,RENAPO 
22,2017,10,912,RENAPO 
22,2017,11,863,RENAPO 
22,2017,12,1050,RENAPO 
22,2018,1,1059,RENAPO 
22,2018,2,905,RENAPO 
22,2018,3,888,RENAPO 
22,2018,4,814,RENAPO 
22,2018,5,872,RENAPO 
22,2018,6,872,RENAPO 
22,2018,7,800,RENAPO 
22,2018,8,880,RENAPO 
22,2018,9,839,RENAPO 
22,2018,10,869,RENAPO 
22,2018,11,955,RENAPO 
22,2018,12,1112,RENAPO 
22,2019,1,1103,RENAPO 
22,2019,2,986,RENAPO 
22,2019,3,917,RENAPO 
22,2019,4,851,RENAPO 
22,2019,5,920,RENAPO 
22,2019,6,821,RENAPO 
22,2019,7,877,RENAPO 
22,2019,8,841,RENAPO 
22,2019,9,872,RENAPO 
22,2019,10,868,RENAPO 
22,2019,11,968,RENAPO 
22,2019,12,1069,RENAPO 
22,2020,1,1155,RENAPO 
22,2020,2,1054,RENAPO 
22,2020,3,993,RENAPO 
22,2020,4,893,RENAPO 
22,2020,5,1054,RENAPO 
22,2020,6,1143,RENAPO 
22,2020,7,1212,RENAPO 
22,2020,8,1370,RENAPO 
22,2020,9,1317,RENAPO 
23,2017,1,519,RENAPO 
23,2017,2,437,RENAPO 
23,2017,3,524,RENAPO 
23,2017,4,510,RENAPO 
23,2017,5,532,RENAPO 
23,2017,6,507,RENAPO 
23,2017,7,457,RENAPO 
23,2017,8,579,RENAPO 
23,2017,9,532,RENAPO 
23,2017,10,550,RENAPO 
23,2017,11,551,RENAPO 
23,2017,12,590,RENAPO 
23,2018,1,592,RENAPO 
23,2018,2,570,RENAPO 
23,2018,3,565,RENAPO 
23,2018,4,563,RENAPO 
23,2018,5,569,RENAPO 
23,2018,6,583,RENAPO 
23,2018,7,662,RENAPO 
23,2018,8,613,RENAPO 
23,2018,9,547,RENAPO 
23,2018,10,649,RENAPO 
23,2018,11,538,RENAPO 
23,2018,12,648,RENAPO 
23,2019,1,289,RENAPO 
23,2019,2,561,RENAPO 
23,2019,3,617,RENAPO 
23,2019,4,600,RENAPO 
23,2019,5,606,RENAPO 
23,2019,6,580,RENAPO 
23,2019,7,642,RENAPO 
23,2019,8,657,RENAPO 
23,2019,9,622,RENAPO 
23,2019,10,642,RENAPO 
23,2019,11,634,RENAPO 
23,2019,12,660,RENAPO 
23,2020,1,650,RENAPO 
23,2020,2,627,RENAPO 
23,2020,3,479,RENAPO 
23,2020,4,768,RENAPO 
23,2020,5,961,RENAPO 
23,2020,6,916,RENAPO 
23,2020,7,1612,RENAPO 
23,2020,8,1403,RENAPO 
23,2020,9,896,RENAPO 
24,2015,1,1822,RENAPO 
24,2015,2,1601,RENAPO 
24,2015,3,1630,RENAPO 
24,2015,4,1466,RENAPO 
24,2015,5,1557,RENAPO 
24,2015,6,1702,RENAPO 
24,2015,7,1795,RENAPO 
24,2015,8,1716,RENAPO 
24,2015,9,1614,RENAPO 
24,2015,10,1724,RENAPO 
24,2015,11,1681,RENAPO 
24,2015,12,1839,RENAPO 
24,2016,1,1440,RENAPO 
24,2016,2,1391,RENAPO 
24,2016,3,1446,RENAPO 
24,2016,4,1288,RENAPO 
24,2016,5,1329,RENAPO 
24,2016,6,1438,RENAPO 
24,2016,7,1559,RENAPO 
24,2016,8,1669,RENAPO 
24,2016,9,1513,RENAPO 
24,2016,10,1705,RENAPO 
24,2016,11,1690,RENAPO 
24,2016,12,1495,RENAPO 
24,2017,1,1505,RENAPO 
24,2017,2,1329,RENAPO 
24,2017,3,1415,RENAPO 
24,2017,4,1357,RENAPO 
24,2017,5,1468,RENAPO 
24,2017,6,1671,RENAPO 
24,2017,7,1607,RENAPO 
24,2017,8,1568,RENAPO 
24,2017,9,1527,RENAPO 
24,2017,10,1651,RENAPO 
24,2017,11,1713,RENAPO 
24,2017,12,2209,RENAPO 
24,2018,1,2522,RENAPO 
24,2018,2,1415,RENAPO 
24,2018,3,1144,RENAPO 
24,2018,4,1092,RENAPO 
24,2018,5,1145,RENAPO 
24,2018,6,1031,RENAPO 
24,2018,7,1090,RENAPO 
24,2018,8,1030,RENAPO 
24,2018,9,1002,RENAPO 
24,2018,10,1157,RENAPO 
24,2018,11,1258,RENAPO 
24,2018,12,1297,RENAPO 
24,2019,1,1514,RENAPO 
24,2019,2,1240,RENAPO 
24,2019,3,1305,RENAPO 
24,2019,4,1200,RENAPO 
24,2019,5,1206,RENAPO 
24,2019,6,1042,RENAPO 
24,2019,7,1096,RENAPO 
24,2019,8,1162,RENAPO 
24,2019,9,1072,RENAPO 
24,2019,10,1170,RENAPO 
24,2019,11,1166,RENAPO 
24,2019,12,1227,RENAPO 
24,2020,1,1632,RENAPO 
24,2020,2,1357,RENAPO 
24,2020,3,1299,RENAPO 
24,2020,4,1007,RENAPO 
24,2020,5,1145,RENAPO 
24,2020,6,1428,RENAPO 
24,2020,7,2011,RENAPO 
24,2020,8,2770,RENAPO 
24,2020,9,2064,RENAPO 
25,2015,1,1359.0,Registro Civil 
25,2015,2,1268.0,Registro Civil 
25,2015,3,1372.0,Registro Civil 
25,2015,4,1140.0,Registro Civil 
25,2015,5,1139.0,Registro Civil 
25,2015,6,1212.0,Registro Civil 
25,2015,7,1142.0,Registro Civil 
25,2015,8,1133.0,Registro Civil 
25,2015,9,1193.0,Registro Civil 
25,2015,10,1242.0,Registro Civil 
25,2015,11,1269.0,Registro Civil 
25,2015,12,1170.0,Registro Civil 
25,2016,1,1568.0,Registro Civil 
25,2016,2,1527.0,Registro Civil 
25,2016,3,1355.0,Registro Civil 
25,2016,4,1341.0,Registro Civil 
25,2016,5,1141.0,Registro Civil 
25,2016,6,1236.0,Registro Civil 
25,2016,7,1099.0,Registro Civil 
25,2016,8,1261.0,Registro Civil 
25,2016,9,1135.0,Registro Civil 
25,2016,10,1235.0,Registro Civil 
25,2016,11,1273.0,Registro Civil 
25,2016,12,1107.0,Registro Civil 
25,2017,1,1391.0,Registro Civil 
25,2017,2,1354.0,Registro Civil 
25,2017,3,1436.0,Registro Civil 
25,2017,4,1309.0,Registro Civil 
25,2017,5,1303.0,Registro Civil 
25,2017,6,1359.0,Registro Civil 
25,2017,7,1196.0,Registro Civil 
25,2017,8,1270.0,Registro Civil 
25,2017,9,1151.0,Registro Civil 
25,2017,10,1412.0,Registro Civil 
25,2017,11,1223.0,Registro Civil 
25,2017,12,1156.0,Registro Civil 
25,2018,1,1587.0,Registro Civil 
25,2018,2,1445.0,Registro Civil 
25,2018,3,1191.0,Registro Civil 
25,2018,4,1436.0,Registro Civil 
25,2018,5,1290.0,Registro Civil 
25,2018,6,1265.0,Registro Civil 
25,2018,7,1207.0,Registro Civil 
25,2018,8,1302.0,Registro Civil 
25,2018,9,1085.0,Registro Civil 
25,2018,10,1404.0,Registro Civil 
25,2018,11,1367.0,Registro Civil 
25,2018,12,1151.0,Registro Civil 
25,2019,1,1631.0,Registro Civil 
25,2019,2,1398.0,Registro Civil 
25,2019,3,1241.0,Registro Civil 
25,2019,4,1454.0,Registro Civil 
25,2019,5,1389.0,Registro Civil 
25,2019,6,1158.0,Registro Civil 
25,2019,7,1370.0,Registro Civil 
25,2019,8,1354.0,Registro Civil 
25,2019,9,1254.0,Registro Civil 
25,2019,10,1432.0,Registro Civil 
25,2019,11,1211.0,Registro Civil 
25,2019,12,1137.0,Registro Civil 
25,2020,1,1759.0,Registro Civil 
25,2020,2,1424.0,Registro Civil 
25,2020,3,1349.0,Registro Civil 
25,2020,4,1008.0,Registro Civil 
25,2020,5,1489.0,Registro Civil 
25,2020,6,2543.0,Registro Civil 
25,2020,7,3164.0,Registro Civil 
25,2020,8,2399.0,Registro Civil 
25,2020,9,1956.0,Registro Civil 
26,2015,1,1662,RENAPO 
26,2015,2,1241,RENAPO 
26,2015,3,1302,RENAPO 
26,2015,4,1145,RENAPO 
26,2015,5,1134,RENAPO 
26,2015,6,1244,RENAPO 
26,2015,7,1132,RENAPO 
26,2015,8,1139,RENAPO 
26,2015,9,1222,RENAPO 
26,2015,10,1222,RENAPO 
26,2015,11,1279,RENAPO 
26,2015,12,1614,RENAPO 
26,2016,1,1709,RENAPO 
26,2016,2,1567,RENAPO 
26,2016,3,1438,RENAPO 
26,2016,4,1248,RENAPO 
26,2016,5,1295,RENAPO 
26,2016,6,1225,RENAPO 
26,2016,7,1237,RENAPO 
26,2016,8,1365,RENAPO 
26,2016,9,1191,RENAPO 
26,2016,10,1261,RENAPO 
26,2016,11,1240,RENAPO 
26,2016,12,1507,RENAPO 
26,2017,1,1659,RENAPO 
26,2017,2,1343,RENAPO 
26,2017,3,1518,RENAPO 
26,2017,4,1253,RENAPO 
26,2017,5,1366,RENAPO 
26,2017,6,1365,RENAPO 
26,2017,7,1308,RENAPO 
26,2017,8,1314,RENAPO 
26,2017,9,1248,RENAPO 
26,2017,10,1322,RENAPO 
26,2017,11,1293,RENAPO 
26,2017,12,1551,RENAPO 
26,2018,1,1751,RENAPO 
26,2018,2,1439,RENAPO 
26,2018,3,1520,RENAPO 
26,2018,4,1468,RENAPO 
26,2018,5,1427,RENAPO 
26,2018,6,1331,RENAPO 
26,2018,7,1443,RENAPO 
26,2018,8,1447,RENAPO 
26,2018,9,1360,RENAPO 
26,2018,10,1400,RENAPO 
26,2018,11,1300,RENAPO 
26,2018,12,93,RENAPO 
26,2019,1,954,RENAPO 
26,2019,2,1503,RENAPO 
26,2019,3,1547,RENAPO 
26,2019,4,1464,RENAPO 
26,2019,5,1510,RENAPO 
26,2019,6,1406,RENAPO 
26,2019,7,1466,RENAPO 
26,2019,8,1489,RENAPO 
26,2019,9,1355,RENAPO 
26,2019,10,1542,RENAPO 
26,2019,11,1529,RENAPO 
26,2019,12,1704,RENAPO 
26,2020,1,1983,RENAPO 
26,2020,2,1683,RENAPO 
26,2020,3,1587,RENAPO 
26,2020,4,1484,RENAPO 
26,2020,5,1744,RENAPO 
26,2020,6,3807,RENAPO 
26,2020,7,4282,RENAPO 
26,2020,8,2301,RENAPO 
26,2020,9,1790,RENAPO 
27,2015,1,1138,RENAPO 
27,2015,2,1006,RENAPO 
27,2015,3,1043,RENAPO 
27,2015,4,1116,RENAPO 
27,2015,5,1084,RENAPO 
27,2015,6,1034,RENAPO 
27,2015,7,1083,RENAPO 
27,2015,8,1027,RENAPO 
27,2015,9,990,RENAPO 
27,2015,10,1136,RENAPO 
27,2015,11,1109,RENAPO 
27,2015,12,845,RENAPO 
27,2016,1,1071,RENAPO 
27,2016,2,1165,RENAPO 
27,2016,3,1140,RENAPO 
27,2016,4,1166,RENAPO 
27,2016,5,1271,RENAPO 
27,2016,6,1066,RENAPO 
27,2016,7,1049,RENAPO 
27,2016,8,1123,RENAPO 
27,2016,9,1132,RENAPO 
27,2016,10,1099,RENAPO 
27,2016,11,1064,RENAPO 
27,2016,12,1131,RENAPO 
27,2017,1,1239,RENAPO 
27,2017,2,1024,RENAPO 
27,2017,3,1048,RENAPO 
27,2017,4,1017,RENAPO 
27,2017,5,1276,RENAPO 
27,2017,6,1084,RENAPO 
27,2017,7,929,RENAPO 
27,2017,8,1058,RENAPO 
27,2017,9,811,RENAPO 
27,2017,10,656,RENAPO 
27,2017,11,604,RENAPO 
27,2017,12,695,RENAPO 
27,2018,1,1417,RENAPO 
27,2018,2,1115,RENAPO 
27,2018,3,1050,RENAPO 
27,2018,4,1178,RENAPO 
27,2018,5,1232,RENAPO 
27,2018,6,1083,RENAPO 
27,2018,7,1269,RENAPO 
27,2018,8,1177,RENAPO 
27,2018,9,980,RENAPO 
27,2018,10,1051,RENAPO 
27,2018,11,1284,RENAPO 
27,2018,12,1145,RENAPO 
27,2019,1,1394,RENAPO 
27,2019,2,1133,RENAPO 
27,2019,3,1220,RENAPO 
27,2019,4,1211,RENAPO 
27,2019,5,1415,RENAPO 
27,2019,6,1254,RENAPO 
27,2019,7,1290,RENAPO 
27,2019,8,1145,RENAPO 
27,2019,9,1188,RENAPO 
27,2019,10,1286,RENAPO 
27,2019,11,1255,RENAPO 
27,2019,12,623,RENAPO 
27,2020,1,1452,RENAPO 
27,2020,2,1151,RENAPO 
27,2020,3,1183,RENAPO 
27,2020,4,1202,RENAPO 
27,2020,5,1737,RENAPO 
27,2020,6,1362,RENAPO 
27,2020,7,2682,RENAPO 
27,2020,8,2015,RENAPO 
27,2020,9,1399,RENAPO 
28,2015,1,1802,RENAPO 
28,2015,2,1432,RENAPO 
28,2015,3,1525,RENAPO 
28,2015,4,1255,RENAPO 
28,2015,5,1198,RENAPO 
28,2015,6,1327,RENAPO 
28,2015,7,1216,RENAPO 
28,2015,8,1408,RENAPO 
28,2015,9,1293,RENAPO 
28,2015,10,1313,RENAPO 
28,2015,11,1242,RENAPO 
28,2015,12,1274,RENAPO 
28,2016,1,1616,RENAPO 
28,2016,2,1669,RENAPO 
28,2016,3,1268,RENAPO 
28,2016,4,1517,RENAPO 
28,2016,5,1255,RENAPO 
28,2016,6,1552,RENAPO 
28,2016,7,1262,RENAPO 
28,2016,8,1674,RENAPO 
28,2016,9,1315,RENAPO 
28,2016,10,1335,RENAPO 
28,2016,11,1424,RENAPO 
28,2016,12,1423,RENAPO 
28,2017,1,1686,RENAPO 
28,2017,2,1528,RENAPO 
28,2017,3,1513,RENAPO 
28,2017,4,1289,RENAPO 
28,2017,5,1608,RENAPO 
28,2017,6,1526,RENAPO 
28,2017,7,1384,RENAPO 
28,2017,8,1817,RENAPO 
28,2017,9,1463,RENAPO 
28,2017,10,1610,RENAPO 
28,2017,11,1434,RENAPO 
28,2017,12,1465,RENAPO 
28,2018,1,2037,RENAPO 
28,2018,2,1970,RENAPO 
28,2018,3,1622,RENAPO 
28,2018,4,1769,RENAPO 
28,2018,5,1601,RENAPO 
28,2018,6,1484,RENAPO 
28,2018,7,1366,RENAPO 
28,2018,8,1694,RENAPO 
28,2018,9,1344,RENAPO 
28,2018,10,1534,RENAPO 
28,2018,11,1543,RENAPO 
28,2018,12,1324,RENAPO 
28,2019,1,2147,RENAPO 
28,2019,2,1676,RENAPO 
28,2019,3,1596,RENAPO 
28,2019,4,1766,RENAPO 
28,2019,5,1623,RENAPO 
28,2019,6,1506,RENAPO 
28,2019,7,1510,RENAPO 
28,2019,8,1742,RENAPO 
28,2019,9,1527,RENAPO 
28,2019,10,1680,RENAPO 
28,2019,11,1523,RENAPO 
28,2019,12,1393,RENAPO 
28,2020,1,2172,RENAPO 
28,2020,2,1709,RENAPO 
28,2020,3,1431,RENAPO 
28,2020,4,1074,RENAPO 
28,2020,5,1418,RENAPO 
28,2020,6,1885,RENAPO 
28,2020,7,3629,RENAPO 
28,2020,8,4127,RENAPO 
28,2020,9,3021,RENAPO 
29,2015,1,568.0,Registro Civil 
29,2015,2,506.0,Registro Civil 
29,2015,3,518.0,Registro Civil 
29,2015,4,472.0,Registro Civil 
29,2015,5,457.0,Registro Civil 
29,2015,6,487.0,Registro Civil 
29,2015,7,480.0,Registro Civil 
29,2015,8,430.0,Registro Civil 
29,2015,9,440.0,Registro Civil 
29,2015,10,485.0,Registro Civil 
29,2015,11,502.0,Registro Civil 
29,2015,12,543.0,Registro Civil 
29,2016,1,609.0,Registro Civil 
29,2016,2,694.0,Registro Civil 
29,2016,3,634.0,Registro Civil 
29,2016,4,448.0,Registro Civil 
29,2016,5,501.0,Registro Civil 
29,2016,6,452.0,Registro Civil 
29,2016,7,450.0,Registro Civil 
29,2016,8,510.0,Registro Civil 
29,2016,9,476.0,Registro Civil 
29,2016,10,519.0,Registro Civil 
29,2016,11,510.0,Registro Civil 
29,2016,12,530.0,Registro Civil 
29,2017,1,579.0,Registro Civil 
29,2017,2,527.0,Registro Civil 
29,2017,3,645.0,Registro Civil 
29,2017,4,489.0,Registro Civil 
29,2017,5,495.0,Registro Civil 
29,2017,6,470.0,Registro Civil 
29,2017,7,491.0,Registro Civil 
29,2017,8,498.0,Registro Civil 
29,2017,9,531.0,Registro Civil 
29,2017,10,563.0,Registro Civil 
29,2017,11,564.0,Registro Civil 
29,2017,12,560.0,Registro Civil 
29,2018,1,747.0,Registro Civil 
29,2018,2,562.0,Registro Civil 
29,2018,3,552.0,Registro Civil 
29,2018,4,533.0,Registro Civil 
29,2018,5,501.0,Registro Civil 
29,2018,6,480.0,Registro Civil 
29,2018,7,525.0,Registro Civil 
29,2018,8,537.0,Registro Civil 
29,2018,9,474.0,Registro Civil 
29,2018,10,603.0,Registro Civil 
29,2018,11,628.0,Registro Civil 
29,2018,12,630.0,Registro Civil 
29,2019,1,683.0,Registro Civil 
29,2019,2,596.0,Registro Civil 
29,2019,3,527.0,Registro Civil 
29,2019,4,559.0,Registro Civil 
29,2019,5,523.0,Registro Civil 
29,2019,6,502.0,Registro Civil 
29,2019,7,600.0,Registro Civil 
29,2019,8,500.0,Registro Civil 
29,2019,9,506.0,Registro Civil 
29,2019,10,536.0,Registro Civil 
29,2019,11,545.0,Registro Civil 
29,2019,12,659.0,Registro Civil 
29,2020,1,715.0,Registro Civil 
29,2020,2,546.0,Registro Civil 
29,2020,3,525.0,Registro Civil 
29,2020,4,559.0,Registro Civil 
29,2020,5,936.0,Registro Civil 
29,2020,6,1397.0,Registro Civil 
29,2020,7,1997.0,Registro Civil 
29,2020,8,1329.0,Registro Civil 
29,2020,9,756.0,Registro Civil 
30,2015,1,4976.0,Registro Civil 
30,2015,2,4053.0,Registro Civil 
30,2015,3,4319.0,Registro Civil 
30,2015,4,4263.0,Registro Civil 
30,2015,5,4060.0,Registro Civil 
30,2015,6,3777.0,Registro Civil 
30,2015,7,3845.0,Registro Civil 
30,2015,8,4017.0,Registro Civil 
30,2015,9,3918.0,Registro Civil 
30,2015,10,4000.0,Registro Civil 
30,2015,11,3974.0,Registro Civil 
30,2015,12,4484.0,Registro Civil 
30,2016,1,4463.0,Registro Civil 
30,2016,2,4521.0,Registro Civil 
30,2016,3,4976.0,Registro Civil 
30,2016,4,3928.0,Registro Civil 
30,2016,5,4462.0,Registro Civil 
30,2016,6,3939.0,Registro Civil 
30,2016,7,2415.0,Registro Civil 
30,2016,8,3869.0,Registro Civil 
30,2016,9,3968.0,Registro Civil 
30,2016,10,3756.0,Registro Civil 
30,2016,11,3872.0,Registro Civil 
30,2016,12,3555.0,Registro Civil 
30,2017,1,4849.0,Registro Civil 
30,2017,2,3720.0,Registro Civil 
30,2017,3,4235.0,Registro Civil 
30,2017,4,3574.0,Registro Civil 
30,2017,5,4310.0,Registro Civil 
30,2017,6,3869.0,Registro Civil 
30,2017,7,3201.0,Registro Civil 
30,2017,8,4107.0,Registro Civil 
30,2017,9,4037.0,Registro Civil 
30,2017,10,4169.0,Registro Civil 
30,2017,11,4029.0,Registro Civil 
30,2017,12,4495.0,Registro Civil 
30,2018,1,5238.0,Registro Civil 
30,2018,2,4344.0,Registro Civil 
30,2018,3,4166.0,Registro Civil 
30,2018,4,4178.0,Registro Civil 
30,2018,5,4107.0,Registro Civil 
30,2018,6,3810.0,Registro Civil 
30,2018,7,4305.0,Registro Civil 
30,2018,8,4454.0,Registro Civil 
30,2018,9,3981.0,Registro Civil 
30,2018,10,4275.0,Registro Civil 
30,2018,11,4581.0,Registro Civil 
30,2018,12,4555.0,Registro Civil 
30,2019,1,5396.0,Registro Civil 
30,2019,2,4519.0,Registro Civil 
30,2019,3,4584.0,Registro Civil 
30,2019,4,4613.0,Registro Civil 
30,2019,5,4994.0,Registro Civil 
30,2019,6,4466.0,Registro Civil 
30,2019,7,4706.0,Registro Civil 
30,2019,8,4728.0,Registro Civil 
30,2019,9,4563.0,Registro Civil 
30,2019,10,4498.0,Registro Civil 
30,2019,11,4648.0,Registro Civil 
30,2019,12,4790.0,Registro Civil 
30,2020,1,5411.0,Registro Civil 
30,2020,2,4488.0,Registro Civil 
30,2020,3,4702.0,Registro Civil 
30,2020,4,4584.0,Registro Civil 
30,2020,5,6424.0,Registro Civil 
30,2020,6,7817.0,Registro Civil 
30,2020,7,10045.0,Registro Civil 
30,2020,8,7865.0,Registro Civil 
30,2020,9,6148.0,Registro Civil 
31,2015,1,930.0,Registro Civil 
31,2015,2,939.0,Registro Civil 
31,2015,3,1208.0,Registro Civil 
31,2015,4,936.0,Registro Civil 
31,2015,5,962.0,Registro Civil 
31,2015,6,912.0,Registro Civil 
31,2015,7,1090.0,Registro Civil 
31,2015,8,1064.0,Registro Civil 
31,2015,9,1012.0,Registro Civil 
31,2015,10,1040.0,Registro Civil 
31,2015,11,1055.0,Registro Civil 
31,2015,12,917.0,Registro Civil 
31,2016,1,259.0,Registro Civil 
31,2016,2,1036.0,Registro Civil 
31,2016,3,1040.0,Registro Civil 
31,2016,4,919.0,Registro Civil 
31,2016,5,925.0,Registro Civil 
31,2016,6,946.0,Registro Civil 
31,2016,7,948.0,Registro Civil 
31,2016,8,975.0,Registro Civil 
31,2016,9,1201.0,Registro Civil 
31,2016,10,1247.0,Registro Civil 
31,2016,11,1155.0,Registro Civil 
31,2016,12,1117.0,Registro Civil 
31,2017,1,1259.0,Registro Civil 
31,2017,2,964.0,Registro Civil 
31,2017,3,1055.0,Registro Civil 
31,2017,4,1010.0,Registro Civil 
31,2017,5,1139.0,Registro Civil 
31,2017,6,1043.0,Registro Civil 
31,2017,7,1138.0,Registro Civil 
31,2017,8,1067.0,Registro Civil 
31,2017,9,1048.0,Registro Civil 
31,2017,10,1087.0,Registro Civil 
31,2017,11,1070.0,Registro Civil 
31,2017,12,1162.0,Registro Civil 
31,2018,1,1242.0,Registro Civil 
31,2018,2,999.0,Registro Civil 
31,2018,3,1084.0,Registro Civil 
31,2018,4,1052.0,Registro Civil 
31,2018,5,1113.0,Registro Civil 
31,2018,6,1049.0,Registro Civil 
31,2018,7,1454.0,Registro Civil 
31,2018,8,1071.0,Registro Civil 
31,2018,9,1065.0,Registro Civil 
31,2018,10,1123.0,Registro Civil 
31,2018,11,1120.0,Registro Civil 
31,2018,12,1208.0,Registro Civil 
31,2019,1,1210.0,Registro Civil 
31,2019,2,1079.0,Registro Civil 
31,2019,3,1073.0,Registro Civil 
31,2019,4,1102.0,Registro Civil 
31,2019,5,1293.0,Registro Civil 
31,2019,6,1174.0,Registro Civil 
31,2019,7,1138.0,Registro Civil 
31,2019,8,1131.0,Registro Civil 
31,2019,9,1111.0,Registro Civil 
31,2019,10,1239.0,Registro Civil 
31,2019,11,1188.0,Registro Civil 
31,2019,12,1191.0,Registro Civil 
31,2020,1,1259.0,Registro Civil 
31,2020,2,1036.0,Registro Civil 
31,2020,3,1182.0,Registro Civil 
31,2020,4,1250.0,Registro Civil 
31,2020,5,680.0,Registro Civil 
31,2020,6,1512.0,Registro Civil 
31,2020,7,2728.0,Registro Civil 
31,2020,8,2446.0,estimacion 
31,2020,9,1600.0,Registro Civil 
32,2017,1,905,RENAPO 
32,2017,2,787,RENAPO 
32,2017,3,914,RENAPO 
32,2017,4,668,RENAPO 
32,2017,5,731,RENAPO 
32,2017,6,699,RENAPO 
32,2017,7,762,RENAPO 
32,2017,8,753,RENAPO 
32,2017,9,745,RENAPO 
32,2017,10,814,RENAPO 
32,2017,11,768,RENAPO 
32,2017,12,873,RENAPO 
32,2018,1,1109,RENAPO 
32,2018,2,801,RENAPO 
32,2018,3,719,RENAPO 
32,2018,4,793,RENAPO 
32,2018,5,802,RENAPO 
32,2018,6,732,RENAPO 
32,2018,7,774,RENAPO 
32,2018,8,720,RENAPO 
32,2018,9,692,RENAPO 
32,2018,10,830,RENAPO 
32,2018,11,832,RENAPO 
32,2018,12,859,RENAPO 
32,2019,1,1207,RENAPO 
32,2019,2,926,RENAPO 
32,2019,3,798,RENAPO 
32,2019,4,811,RENAPO 
32,2019,5,765,RENAPO 
32,2019,6,654,RENAPO 
32,2019,7,800,RENAPO 
32,2019,8,748,RENAPO 
32,2019,9,712,RENAPO 
32,2019,10,754,RENAPO 
32,2019,11,812,RENAPO 
32,2019,12,866,RENAPO 
32,2020,1,1076,RENAPO 
32,2020,2,933,RENAPO 
32,2020,3,869,RENAPO 
32,2020,4,841,RENAPO 
32,2020,5,813,RENAPO 
32,2020,6,944,RENAPO 
32,2020,7,1068,RENAPO 
32,2020,8,1285,RENAPO 
32,2020,9,1167,RENAPO 
